<?xml version="1.0"?>
<Runs Version="1" Minor="0">
	<Run Id="design_1_Freq_Divider_0_0_synth_1" LaunchDir="/home/zadeh/Documents/WPElectronics/Zynq_Dev_board/Ebaz4502/PRJ/ETHERNET/ETH_01/ETH_01.runs/design_1_Freq_Divider_0_0_synth_1" FlowId="Vivado_Synthesis" FromStepId="vivado" ToStepId="vivado"/>
	<Run Id="design_1_processing_system7_0_0_synth_1" LaunchDir="/home/zadeh/Documents/WPElectronics/Zynq_Dev_board/Ebaz4502/PRJ/ETHERNET/ETH_01/ETH_01.runs/design_1_processing_system7_0_0_synth_1" FlowId="Vivado_Synthesis" FromStepId="vivado" ToStepId="vivado"/>
	<Run Id="synth_1" LaunchDir="/home/zadeh/Documents/WPElectronics/Zynq_Dev_board/Ebaz4502/PRJ/ETHERNET/ETH_01/ETH_01.runs/synth_1" FlowId="Vivado_Synthesis" FromStepId="vivado" ToStepId="vivado">
		<Parent Id="design_1_Freq_Divider_0_0_synth_1"/>
		<Parent Id="design_1_processing_system7_0_0_synth_1"/>
	</Run>
	<Parameters>
		<Parameter Name="runs.monitorLSFJobs" Val="true" Type="bool"/>
		<Parameter Name="runs.enableClusterConf" Val="true" Type="bool"/>
	</Parameters>
</Runs>

